customer_id,name,email,created_date
cus_UXtEfGZ6vUdGFT,Divya patel,divya@gmail.com,2026-05-19 13:12:56
cus_UXtCQujlTPbWlf,Bhargav patel,bhargav@gmail.com,2026-05-19 13:10:27
cus_UXtBld4OttGHas,Het chavda,het@gmail.com,2026-05-19 13:09:58
cus_UXtB8NotdlldRQ,Lohit patel,patel@gmail.com,2026-05-19 13:09:28
cus_UXtAP44ZcGq07b,tansvi kakadiya,tanvi@gmail.com,2026-05-19 13:09:01
cus_UXt9lq4AzBOeV9,Mansi patel,mansi@gmail.com,2026-05-19 13:08:08
cus_UXt9gXItCx4UFc,Princy kajavadara,pk@gmail.com,2026-05-19 13:07:24
cus_UXt5iPy1ZgPOhi,hetvi joshi,hetvi@gmail.com,2026-05-19 13:03:55
cus_UXt5DGqRH6kwNq,heli bhatt,heli@gmail.com,2026-05-19 13:03:21
cus_UXt4tIU5V5S1uF,Hiyan patel,hiyan@gmail.com,2026-05-19 13:02:38
cus_UXt3QPmyvuIyHw,hasti butani,hasti@gmail.com,2026-05-19 13:02:06
cus_UXt22LijW9TSDn,Tirth patel,tirth@gmail.com,2026-05-19 13:01:03
cus_UXt166rFPR7bT7,parita butani,pari@gmail.com,2026-05-19 12:59:36
cus_UXsyYzVJj8z2Ku,Rajvi patel,rajvi@gmail.com,2026-05-19 12:57:16
cus_UWomNBjCDT0QnT,Priya Kevadiya,priya596@gmail.com,2026-05-16 16:32:28
